{"mean": [0.1707120197560763, 0.3539745414808709, 1.028444456633472, -0.0023262322619450417, -6.8992401771816906e-06, -0.0032688397776241152, 0.006021220234437998], "scale": [1.5242745796348625, 0.634790062933604, 0.13925404944121808, 0.07892047746135594, 0.006148003516355315, 0.06824771825494662, 0.33451904174365604], "features": ["speed", "stepRate", "accel", "pgr", "pgrSlope", "approachAlignment", "deltaRate"]}